Fund Name,0,1,2,3,4,Topsis Score,Topsis Score Rank
M1,0.84,0.71,6.7,42.1,12.59,0.5636923297612271,6
M2,0.91,0.83,7.0,31.7,10.11,0.5130321033935658,5
M3,0.79,0.62,4.8,46.7,13.23,0.4391772826178256,1
M4,0.78,0.61,6.4,42.4,12.55,0.4919560824791715,2
M5,0.94,0.88,3.6,62.2,16.91,0.6418858152275324,4
M6,0.88,0.77,6.5,51.5,14.91,0.7381481318505099,3
M7,0.66,0.44,5.3,48.9,13.83,0.4073895317727594,8
M8,0.93,0.86,3.4,37.0,10.55,0.40849867669470064,7
